{
 "base_case_floors": {
  "2": 0.17359839462858062,
  "3": 0.12496268308573565,
  "4": 0.06248134154286782,
  "5": 0.03124067077143391
 },
 "claims": "dense-shell class-charge computational core + proof-layer gates",
 "envelope_sups": {
  "pair1": 0.7890897387285589,
  "pair2": 1.6078949860283844
 },
 "key_endpoint_margin": 0.030255903753322932,
 "law_margins": {
  "B10": 49.30014867296388,
  "B4": 2.615380614936997,
  "B6": 6.583071495592311,
  "B8": 17.715286171678194
 },
 "leak_table_B10": {
  "0": 0.0,
  "1": 0.0,
  "10": 0.1864596065994347,
  "2": 0.0,
  "3": 0.0,
  "4": 9.42448426274882e-06,
  "5": 0.0012965737735624488,
  "6": 0.00783878155770916,
  "7": 0.02719140398209464,
  "8": 0.06626607839302975,
  "9": 0.12140273342113418
 },
 "pass": true,
 "share_floor": 1.2154438881512928,
 "tpi_census_min": 0.0009948824402161336
}