{
  "claim": "At each clean-rate candidate, B_quot_ub + B_tan_max + 16*n^3 <= B*. Thus a per-pair post-strip residual bounded by 16*n^3 is absorbed.",
  "dag_node": "xr_clean_residual_any_gate",
  "parent_nodes": [
    "xr_target_budget_audit",
    "dihedral_staircase",
    "rigidity_kernel"
  ],
  "pinned_nonclaim": {
    "A": 507,
    "B_star": 6,
    "n": 512,
    "rate": "1/2",
    "reason": "rate-half calibration is tangent-exhausted and is not a clean-rate row",
    "row": "pinned",
    "s_at_A": 0
  },
  "rows": [
    {
      "A": 261,
      "B_quot_strict": 0,
      "B_quot_ub": 4299074680733908773355584498352,
      "B_star": 5316911983139663491615228241121378304,
      "B_tan_max": 764,
      "j": 763,
      "k": 256,
      "log2_s_lo": 121.999998833485,
      "log2_s_over_n3": 91.999998833485,
      "margin_after_16n3": 5316907684064982757706454868357010004,
      "max_integer_cubic_coefficient": 4951756153316220974276265954,
      "model_split": {
        "dihedral_n2": 1048576,
        "extension_n": 1024,
        "primitive_n3": 1073741824,
        "slack_inside_16n3": 16105077760,
        "sum": 1074791424
      },
      "n": 1024,
      "n_cubed": 1073741824,
      "rate": "1/4",
      "residual_reserve_16n3": 17179869184,
      "row": "RowC",
      "s_lo": 5316907684064982757706454885536879188
    },
    {
      "A": 133,
      "B_quot_strict": 0,
      "B_quot_ub": 614965786765268072882,
      "B_star": 5316911983139663491615228241121378304,
      "B_tan_max": 892,
      "j": 891,
      "k": 128,
      "log2_s_lo": 122.0,
      "log2_s_over_n3": 92.0,
      "margin_after_16n3": 5316911983139662876649441458673435346,
      "max_integer_cubic_coefficient": 4951760157141520526864977065,
      "model_split": {
        "dihedral_n2": 1048576,
        "extension_n": 1024,
        "primitive_n3": 1073741824,
        "slack_inside_16n3": 16105077760,
        "sum": 1074791424
      },
      "n": 1024,
      "n_cubed": 1073741824,
      "rate": "1/8",
      "residual_reserve_16n3": 17179869184,
      "row": "RowC",
      "s_lo": 5316911983139662876649441475853304530
    },
    {
      "A": 67,
      "B_quot_strict": 0,
      "B_quot_ub": 142288257910922317410365606,
      "B_star": 5316911983139663491615228241121378304,
      "B_tan_max": 958,
      "j": 957,
      "k": 64,
      "log2_s_lo": 121.999999999961,
      "log2_s_over_n3": 91.999999999961,
      "margin_after_16n3": 5316911982997375233704305906531142556,
      "max_integer_cubic_coefficient": 4951760157009004832901345494,
      "model_split": {
        "dihedral_n2": 1048576,
        "extension_n": 1024,
        "primitive_n3": 1073741824,
        "slack_inside_16n3": 16105077760,
        "sum": 1074791424
      },
      "n": 1024,
      "n_cubed": 1073741824,
      "rate": "1/16",
      "residual_reserve_16n3": 17179869184,
      "row": "RowC",
      "s_lo": 5316911982997375233704305923711011740
    },
    {
      "A": 558345748481,
      "B_quot_strict": 0,
      "B_quot_ub": 4299074680733908773355584498352,
      "B_star": 317494674775468773183020924238786383963,
      "B_tan_max": 1640677507072,
      "j": 1640677507071,
      "k": 549755813888,
      "log2_s_lo": 127.899999980465,
      "log2_s_over_n3": 4.899999980465,
      "margin_after_16n3": 147353487015924860717424845526640272811,
      "max_integer_cubic_coefficient": 29,
      "model_split": {
        "dihedral_n2": 4835703278458516698824704,
        "extension_n": 2199023255552,
        "primitive_n3": 10633823966279326983230456482242756608,
        "slack_inside_16n3": 159507359494185069045178386517919268864,
        "sum": 10633823966284162686508917197964836864
      },
      "n": 2199023255552,
      "n_cubed": 10633823966279326983230456482242756608,
      "rate": "1/4",
      "residual_reserve_16n3": 170141183460469231731687303715884105728,
      "row": "prize",
      "s_lo": 317494670476394092449112149242524378539
    },
    {
      "A": 283467841537,
      "B_quot_strict": 0,
      "B_quot_ub": 614965786765268072882,
      "B_star": 317494674775468773183020924238786383963,
      "B_tan_max": 1915555414016,
      "j": 1915555414015,
      "k": 274877906944,
      "log2_s_lo": 127.9,
      "log2_s_over_n3": 4.9,
      "margin_after_16n3": 147353491314999540836367831842078791337,
      "max_integer_cubic_coefficient": 29,
      "model_split": {
        "dihedral_n2": 4835703278458516698824704,
        "extension_n": 2199023255552,
        "primitive_n3": 10633823966279326983230456482242756608,
        "slack_inside_16n3": 159507359494185069045178386517919268864,
        "sum": 10633823966284162686508917197964836864
      },
      "n": 2199023255552,
      "n_cubed": 10633823966279326983230456482242756608,
      "rate": "1/8",
      "residual_reserve_16n3": 170141183460469231731687303715884105728,
      "row": "prize",
      "s_lo": 317494674775468772568055135557962897065
    },
    {
      "A": 141733920769,
      "B_quot_strict": 0,
      "B_quot_ub": 142288257910922317410365606,
      "B_star": 317494674775468773183020924238786383963,
      "B_tan_max": 2057289334784,
      "j": 2057289334783,
      "k": 137438953472,
      "log2_s_lo": 127.899999999999,
      "log2_s_over_n3": 4.899999999999,
      "margin_after_16n3": 147353491314857253193422696148202577845,
      "max_integer_cubic_coefficient": 29,
      "model_split": {
        "dihedral_n2": 4835703278458516698824704,
        "extension_n": 2199023255552,
        "primitive_n3": 10633823966279326983230456482242756608,
        "slack_inside_16n3": 159507359494185069045178386517919268864,
        "sum": 10633823966284162686508917197964836864
      },
      "n": 2199023255552,
      "n_cubed": 10633823966279326983230456482242756608,
      "rate": "1/16",
      "residual_reserve_16n3": 170141183460469231731687303715884105728,
      "row": "prize",
      "s_lo": 317494674775326484925109999864086683573
    }
  ],
  "status": "PROVED compiler; conditional on the named residual/staircase input"
}
