{
 "B": 6,
 "G_reality_worst": "6.98e-15",
 "chart": "base-3",
 "claims": [
  "R",
  "E1",
  "E2",
  "E3",
  "E4",
  "E5"
 ],
 "flat_share_min_k2": 0.101802,
 "flat_share_min_k3": 0.01027,
 "flip_weakest_odd_cases": 122,
 "k1_flat_exact_dev": "0.00e+00",
 "overdraw_max": 2.0,
 "packet": "rank-one-emission-arithmetic",
 "resonant_G_tables": {
  "k1": {
   "G": [
    6.666666667,
    -2.0,
    2.0,
    -0.666666667,
    0.666666667,
    -0.333333333,
    0.333333333
   ],
   "r": 1
  },
  "k2": {
   "G": [
    3.475145717,
    -1.919590161,
    1.084307831,
    -0.639863387,
    0.431042805,
    -0.319931694,
    0.111111111
   ],
   "r": 4
  },
  "k3": {
   "G": [
    2.429455625,
    -1.357847474,
    0.785127184,
    -0.498706627,
    0.355526555,
    -0.18021711,
    0.037037037
   ],
   "r": 13
  }
 },
 "resonant_ratio": 0.700619,
 "single_coset_min_factor": 1.203660741
}